{"cameraMode":{"drawMode":0,"name":"Shaded","section":"Shading Mode"},"sceneLighting":false,"audioPlay":false,"sceneViewState":{"showFog":true,"showMaterialUpdate":false,"showSkybox":false,"showFlares":true,"showImageEffects":true,"showParticleSystems":true},"in2DMode":false,"pivot":{"x":-1.6348499059677125,"y":4.710604190826416,"z":14.186564445495606},"rotation":{"x":0.066253662109375,"y":-0.24586205184459687,"z":0.016847223043441774,"w":0.9668912291526794},"size":71.9882583618164,"orthographic":false}